date,title,link
2025-11-22,,https://blog.naver.com/MyBlog.naver
2025-11-22,,https://section.blog.naver.com/
2025-11-22,,https://blog.naver.com/o_chenny_o
2025-11-22,2025 상반기(4-6월) 채니의 일상이야기 2/2,https://blog.naver.com/o_chenny_o/224084783703
2025-11-22,"✨ 2025 서울 크리스마스 데이트 필수 코스✨ 인생샷 100% 보장! 연말 대형 트리 예쁜 핏크(PITC)카페 위치, 메뉴, 꿀팁 완벽 정리!",https://blog.naver.com/yleedokei/224084638845
2025-11-22,,https://blog.naver.com/db2ra9wqpyl
2025-11-22,"연트럴파크맛집 청담동포장마차, 맛있는 안주와 푸짐한 가격의 숨은 명소!",https://blog.naver.com/db2ra9wqpyl/224074642915
2025-11-22,,https://blog.naver.com/travelnote77
2025-11-22,"서울 연남동 감성 숙소 추천! 호텔 바로아토 2호점, 홍대입구역 근처 가성비 좋은 호텔!",https://blog.naver.com/travelnote77/224084415264
2025-11-22,,https://blog.naver.com/lclub_star
2025-11-22,[명소] 연남동 카페거리 위치해 있는 조앤도슨 JO&DAWSON 본점,https://blog.naver.com/lclub_star/224084250082
2025-11-22,,https://blog.naver.com/prezel__photo_
2025-11-22,"연남동 웨딩 스튜디오, 벙커모지에서의 특별한 웨딩스냅 촬영 후기",https://blog.naver.com/prezel__photo_/224084211434
2025-11-22,,https://blog.naver.com/ds2kki
2025-11-22,12월 가볼만한 겨울 여행지 총정리,https://blog.naver.com/ds2kki/224081899454
2025-11-22,,https://blog.naver.com/maker_joy
2025-11-22,연남동브런치로 유명한 오뗄드꾸뜨에서 내 사랑 에그인헬 먹기,https://blog.naver.com/maker_joy/224084044538
